expenses,age,bmi,children,region,sex,smoker
4320.41,34,35.8,0,northwest,male,no
11938.26,58,30.3,0,northeast,male,no
6940.91,42,26.3,1,northwest,male,no
17178.68,18,27.4,1,northeast,male,yes
3277.16,28,37.1,1,southwest,male,no
37484.45,22,37.1,2,southeast,male,yes
9566.99,49,22.6,1,northwest,female,no
38792.69,18,42.2,0,southeast,female,yes
1837.24,19,24.6,1,southwest,male,no
5969.72,42,26.9,0,southwest,male,no
8932.08,50,25.6,0,southwest,female,no
2480.98,24,39.5,0,southeast,female,no
11163.57,53,35.9,2,southwest,female,no
4906.41,29,20.2,2,northwest,female,no
41676.08,47,36.2,0,southeast,male,yes
1969.61,24,23.4,0,southwest,male,no
4433.92,29,32.1,2,northwest,male,no
10370.91,49,33.3,2,northeast,female,no
32548.34,19,30.3,0,southeast,male,yes
46200.99,44,43.9,2,southeast,female,yes
4074.45,32,30.0,1,southeast,male,no
25656.58,50,27.4,0,northeast,female,no
42969.85,47,36.6,1,southeast,female,yes
9861.03,51,25.8,1,southwest,female,no
19673.34,28,33.8,0,northwest,male,no
6203.9,37,28.0,2,northwest,male,no
22144.03,42,30.0,0,southwest,male,yes
3385.4,26,28.8,0,northeast,female,no
51194.56,28,36.4,1,southwest,male,yes
1633.04,18,39.2,0,southeast,female,no
11299.34,50,33.7,4,southwest,female,no
2913.57,19,23.4,2,southwest,female,no
3392.37,26,29.5,1,southeast,female,no
4435.09,28,27.0,2,northeast,male,no
23306.55,49,25.6,2,southwest,male,yes
1906.36,21,29.0,0,northwest,male,no
13607.37,58,31.8,2,northeast,female,no
14358.36,34,32.8,1,southwest,male,no
30260,60,28.6,0,northeast,male,no
18955.22,24,27.6,0,southwest,female,no
6686.43,37,23.4,2,northwest,female,no
11381.33,58,49.1,0,southeast,male,no
29141.36,61,29.1,0,northwest,female,yes
12235.84,58,36.5,0,northwest,female,no
24059.68,19,30.6,2,northwest,female,no
8930.93,47,29.5,1,northwest,female,no
9704.67,45,40.0,3,northeast,female,no
2497.04,27,32.7,0,southeast,male,no
2221.56,19,25.6,1,northwest,male,no
27000.98,62,31.5,1,southeast,male,no
1263.25,19,35.4,0,southwest,male,no
10959.33,57,23.7,0,southwest,male,no
27322.73,54,31.9,3,southeast,female,no
7726.85,44,27.4,2,southwest,male,no
1727.79,19,17.8,0,southwest,female,no
9863.47,53,24.3,0,northwest,male,no
8233.1,46,28.1,1,southeast,female,no
12815.44,59,26.5,0,northeast,female,no
37701.88,34,31.9,1,northeast,female,yes
1711.03,18,23.3,1,southeast,male,no
5354.07,33,22.1,1,northeast,female,no
11856.41,58,39.1,0,southeast,female,no
7731.86,45,35.8,0,northwest,female,no
9225.26,47,25.5,2,northeast,male,no
4133.64,28,25.9,1,northwest,female,no
7147.47,44,34.3,1,southeast,male,no
2680.95,26,17.7,0,northwest,male,no
6238.3,39,32.5,1,southwest,female,no
13019.16,58,32.4,1,northeast,female,no
5989.52,34,37.3,2,northwest,female,no
3947.41,29,29.6,1,southeast,female,no
22493.66,19,27.3,2,northwest,male,no
24915.22,47,28.2,3,northwest,male,yes
11743.93,58,34.4,0,northwest,male,no
4673.39,32,37.2,2,southeast,male,no
2741.95,22,30.4,0,northeast,female,no
2902.91,26,29.2,1,southeast,male,no
41097.16,50,31.8,0,northeast,male,yes
9432.93,46,48.1,2,northeast,female,no
21595.38,23,18.7,0,northwest,male,no
2632.99,25,30.3,0,southwest,female,no
21978.68,47,25.4,1,southeast,male,yes
4454.4,32,27.8,1,northwest,male,no
18259.22,30,24.4,3,southwest,male,yes
5080.1,25,23.9,5,southwest,male,no
2457.21,20,28.8,0,northeast,female,no
11305.93,54,27.6,1,northwest,female,no
10977.21,49,41.5,4,southeast,female,no
2250.84,22,28.9,0,northeast,male,no
6373.56,38,40.6,1,northwest,female,no
11353.23,57,31.5,0,northwest,male,no
11365.95,58,38.0,0,southwest,male,no
2203.74,18,30.3,0,northeast,female,no
9875.68,51,40.7,0,northeast,female,no
11033.66,48,41.2,4,northwest,female,no
17748.51,19,28.9,0,northwest,female,yes
6877.98,37,17.3,2,northeast,female,no
13429.04,61,31.2,0,northwest,female,no
47291.06,64,31.3,2,southwest,female,yes
28476.73,40,41.4,1,northwest,female,no
17081.08,19,28.3,0,southwest,female,yes
4762.33,35,38.6,1,southwest,male,no
18972.5,34,25.3,2,southeast,male,yes
22478.6,43,26.7,2,southwest,female,yes
10807.49,55,32.7,1,southeast,male,no
3309.79,25,25.8,1,northeast,male,no
10976.25,56,33.7,0,northwest,male,no
12925.89,59,29.7,2,southeast,male,no
7740.34,44,37.1,2,southwest,male,no
11658.38,56,28.8,0,northeast,female,no
4032.24,30,24.1,1,northwest,male,no
19023.26,39,18.3,5,southwest,female,yes
11488.32,52,32.2,3,northeast,male,no
30166.62,64,24.7,1,northwest,male,no
16297.85,19,27.7,0,southwest,male,yes
11657.72,56,28.3,0,northeast,female,no
26392.26,48,35.9,1,northeast,female,no
10797.34,52,30.8,1,northeast,female,no
13126.68,23,28.0,0,southwest,female,no
7133.9,38,20.0,2,northeast,female,no
4466.62,23,35.0,3,northwest,female,no
7153.55,41,28.3,1,northwest,female,no
14449.85,63,21.7,0,northeast,female,no
9855.13,51,21.6,1,southeast,female,no
5478.04,36,29.9,1,southeast,female,no
7173.36,40,22.7,2,northeast,male,no
10226.28,55,38.3,0,southeast,male,no
6334.34,32,37.1,3,northeast,female,no
11735.88,58,28.6,0,northwest,male,no
11289.11,52,32.8,3,northwest,male,no
9866.3,51,33.9,0,northeast,female,no
36197.7,29,34.4,0,southwest,male,yes
37079.37,33,33.5,0,southwest,female,yes
14001.29,59,27.8,3,southeast,female,no
15555.19,63,41.3,3,northwest,male,no
2045.69,22,25.2,0,northwest,male,no
21098.55,45,22.9,2,northwest,male,yes
4391.65,25,24.3,3,southwest,female,no
5383.54,38,27.6,0,southwest,female,no
1708.93,18,26.1,0,northeast,male,no
8569.86,47,45.3,1,southeast,female,no
12629.17,57,25.7,2,southeast,female,no
9788.87,45,24.3,5,southeast,male,no
35585.58,22,35.6,0,southwest,male,yes
40419.02,37,38.4,0,southeast,female,yes
4239.89,31,25.9,1,northwest,male,no
13462.52,62,33.2,0,southwest,female,no
11073.18,56,27.2,0,southwest,female,no
44202.65,47,38.9,2,southeast,male,yes
4518.83,34,34.7,0,northeast,male,no
2731.91,22,23.2,0,northeast,female,no
46113.51,37,47.6,2,southwest,female,yes
4005.42,22,20.0,3,northeast,male,no
17468.98,19,28.3,0,northwest,female,yes
5377.46,36,33.8,1,northwest,male,no
7160.09,42,35.8,2,southwest,male,no
24671.66,26,29.6,4,northeast,female,no
11946.63,58,32.0,1,southeast,male,no
20420.6,37,29.8,0,southwest,male,no
37742.58,36,34.4,0,southeast,male,yes
11833.78,58,22.8,0,southeast,female,no
21984.47,33,22.7,0,northwest,male,no
13143.86,61,33.9,0,northeast,male,no
8596.83,39,34.3,5,southeast,female,no
8825.09,46,30.2,2,southwest,female,no
6933.24,38,19.5,2,northwest,female,no
18903.49,27,32.4,1,northeast,female,no
13919.82,60,33.1,3,southeast,male,no
15359.1,21,21.9,1,northeast,female,yes
5484.47,38,28.3,1,southeast,male,no
5312.17,28,26.3,3,northwest,female,no
4237.13,30,27.6,1,northeast,male,no
11737.85,34,27.0,2,southwest,male,no
12644.59,60,35.1,0,southwest,female,no
4076.5,32,31.5,1,southwest,male,no
8538.29,41,33.2,3,northeast,female,no
4463.21,31,38.4,2,southeast,male,no
21771.34,43,25.3,1,northeast,female,yes
8539.67,47,23.6,1,southwest,female,no
8534.67,47,24.3,0,northeast,female,no
19442.35,29,33.3,2,northwest,male,no
1252.41,19,27.6,0,southwest,male,no
2404.73,21,35.7,0,northwest,female,no
8062.76,47,32.3,1,southwest,male,no
3046.06,24,26.6,0,northeast,female,no
11082.58,55,27.0,0,northwest,female,no
13457.96,62,29.9,0,southeast,female,no
2755.02,22,39.8,0,northeast,female,no
24476.48,54,30.0,0,northwest,male,no
6500.24,40,29.8,1,southeast,female,no
1875.34,20,29.6,0,southwest,female,no
19144.58,43,35.7,2,northeast,female,no
2304,18,26.2,2,southeast,male,no
40941.29,43,32.6,3,southeast,female,yes
5472.45,36,25.9,1,southwest,female,no
36189.1,23,31.7,3,northeast,male,yes
2217.47,18,40.2,0,northeast,female,no
3994.18,32,44.2,0,southeast,female,no
8688.86,49,22.5,0,northeast,male,no
8522,43,34.4,3,southwest,female,no
14394.4,57,28.8,4,northeast,female,no
28340.19,45,27.6,1,northwest,female,no
28923.14,60,25.8,0,northwest,female,no
11345.52,58,23.3,0,southwest,male,no
13937.67,62,27.6,1,northwest,male,no
11093.62,56,41.9,0,southeast,female,no
46255.11,51,37.1,3,northeast,female,yes
3704.35,33,30.3,0,southeast,male,no
16085.13,64,39.1,3,southeast,female,no
10231.5,54,30.2,0,northwest,male,no
15019.76,62,30.5,2,northwest,female,no
3481.87,18,30.4,3,northeast,male,no
7228.22,36,22.1,3,northeast,female,no
1534.3,21,36.9,0,southeast,male,no
24393.62,52,27.4,0,northwest,male,yes
13217.09,60,27.6,0,northeast,female,no
60021.4,52,34.5,3,northwest,male,yes
3378.91,26,19.8,1,southwest,female,no
7325.05,43,25.1,0,northeast,female,no
12957.12,62,21.4,0,southwest,male,no
33750.29,19,31.9,0,northwest,male,yes
4922.92,29,32.1,2,northwest,female,no
8240.59,46,33.4,1,southeast,female,no
7243.81,36,29.0,4,southeast,female,no
32108.66,44,29.7,2,northeast,male,no
16586.5,21,31.0,0,southeast,male,no
9048.03,50,37.1,1,southeast,male,no
2395.17,23,23.8,0,northeast,male,no
4934.71,31,25.8,2,southwest,female,no
3554.2,30,27.7,0,southwest,female,no
21344.85,18,30.1,0,northeast,female,no
4137.52,30,27.9,0,northeast,female,no
12890.06,18,39.1,0,northeast,male,no
34303.17,18,31.7,2,southeast,male,yes
18806.15,43,35.3,2,southeast,male,no
10602.39,56,40.3,0,southwest,male,no
12592.53,52,46.8,5,southeast,female,no
5385.34,34,26.4,1,northwest,female,no
9715.84,47,26.6,2,northeast,female,no
3981.98,26,29.9,2,southeast,female,no
25992.82,52,26.4,3,southeast,male,no
13224.69,60,28.7,1,southwest,female,no
13112.6,60,24.3,1,northwest,male,no
8124.41,49,35.9,0,southeast,male,no
24227.34,58,41.9,0,southeast,female,no
14590.63,59,32.4,3,northeast,female,no
2331.52,19,28.4,1,southwest,female,no
6653.79,33,33.4,5,southeast,male,no
6393.6,40,29.4,1,northwest,male,no
48517.56,61,36.4,1,northeast,female,yes
5124.19,34,42.1,2,southeast,male,no
4646.76,37,30.8,0,southwest,male,no
28868.66,61,28.3,1,northwest,male,yes
1632.04,19,25.2,0,northwest,male,no
4746.34,35,27.1,1,southwest,male,no
13228.85,60,36.0,0,northeast,female,no
17352.68,19,29.1,0,northwest,male,yes
4189.11,25,26.8,2,northwest,female,no
9414.92,46,30.8,3,southwest,female,no
8603.82,45,23.6,2,northeast,male,no
5012.47,34,33.7,1,southwest,female,no
7281.51,37,27.7,3,northwest,female,no
12643.38,56,33.8,2,northwest,female,no
5375.04,33,32.9,2,southwest,female,no
2534.39,25,35.6,0,northwest,male,no
2136.88,19,36.6,0,northwest,female,no
10594.23,56,34.4,0,southeast,male,no
2473.33,24,34.0,0,southeast,female,no
7518.03,44,25.4,1,northwest,male,no
10928.85,54,31.9,1,southeast,female,no
2709.24,19,24.6,1,northwest,female,no
27941.29,61,36.1,3,southwest,male,no
7727.25,43,34.6,1,northwest,female,no
2523.17,25,27.6,0,northwest,male,no
10214.64,55,29.9,0,southwest,male,no
23563.02,39,34.1,2,southeast,male,no
6610.11,40,41.2,1,northeast,male,no
10594.5,55,27.6,0,northwest,male,no
19444.27,40,22.2,2,southeast,female,yes
7045.5,42,25.3,1,southwest,female,no
16577.78,27,24.8,0,southeast,female,yes
3766.88,28,37.6,1,southeast,female,no
1131.51,18,30.1,0,southeast,male,no
26236.58,47,24.1,1,southwest,female,no
3213.62,25,28.6,0,northeast,female,no
24667.42,52,25.3,2,southeast,female,yes
17496.31,32,24.6,0,southwest,female,yes
17128.43,24,33.6,4,northeast,male,no
4428.89,28,22.5,2,northeast,male,no
6571.02,41,33.0,0,northwest,female,no
2211.13,18,35.6,0,northeast,female,no
5910.94,40,29.6,0,southwest,female,no
20463,53,38.1,3,southeast,female,no
16138.76,29,22.9,0,northeast,male,yes
25517.11,54,25.5,1,northeast,male,no
12096.65,54,28.9,2,northeast,female,no
36124.57,25,33.3,2,southeast,male,yes
1737.38,19,24.7,0,southwest,female,no
23401.31,47,26.1,1,northeast,female,yes
2855.44,24,33.3,0,northwest,female,no
23887.66,52,24.1,1,northwest,female,yes
33732.69,18,31.7,0,northeast,male,yes
6313.76,37,30.8,2,southeast,female,no
3490.55,26,32.5,1,northeast,male,no
11512.41,54,32.3,1,northeast,female,no
40904.2,23,42.8,1,northeast,female,yes
6474.01,42,37.9,0,southwest,female,no
5846.92,35,43.3,2,southeast,female,no
7152.67,44,38.1,1,southeast,male,no
18608.26,36,22.6,2,southwest,female,yes
6455.86,38,27.8,2,northwest,male,no
10704.47,55,30.5,0,southwest,female,no
19749.38,50,27.8,3,southeast,female,no
48549.18,54,40.6,3,northeast,male,yes
17929.3,45,31.8,0,southeast,female,no
3761.29,31,29.1,0,southwest,female,no
15006.58,27,18.0,2,northeast,female,yes
8627.54,47,19.2,1,northeast,male,no
5488.26,38,31.0,1,southwest,male,no
3176.82,26,22.6,0,northwest,female,no
47462.89,51,42.9,2,southeast,male,yes
4243.59,31,28.6,1,northwest,male,no
8606.22,43,27.4,3,northeast,male,no
9222.4,41,29.6,5,northeast,male,no
4347.02,31,31.1,0,northeast,female,no
46889.26,64,33.9,0,southeast,male,yes
9193.84,46,20.0,2,northwest,female,no
11436.74,51,36.4,3,northwest,female,no
45863.21,43,46.2,0,southeast,female,yes
6358.78,42,31.3,0,northwest,male,no
1634.57,18,40.3,0,southeast,female,no
22192.44,57,24.0,1,southeast,female,no
43813.87,56,31.8,2,southeast,male,yes
2203.47,18,30.1,0,northeast,female,no
20167.34,20,21.8,0,southwest,female,yes
5240.77,35,31.0,1,southwest,female,no
2020.18,21,34.6,0,southwest,female,no
35491.64,34,30.8,0,southwest,male,yes
2897.32,26,29.5,0,northeast,male,no
4564.19,26,29.4,2,northeast,female,no
5116.5,35,17.9,1,northwest,male,no
6837.37,43,26.0,0,northeast,male,no
10942.13,53,24.8,1,northwest,female,no
10106.13,50,27.1,1,northeast,female,no
46718.16,62,30.9,3,northwest,male,yes
36219.41,19,37.0,0,northwest,male,yes
21348.71,42,26.6,0,northwest,female,yes
33900.65,25,30.2,0,southwest,female,yes
46130.53,60,31.4,3,northwest,male,yes
7445.92,45,33.7,1,southwest,male,no
45008.96,60,32.5,0,southeast,female,yes
18804.75,27,30.4,3,northwest,female,no
17560.38,20,28.0,1,northwest,male,yes
14711.74,20,22.4,0,northwest,female,yes
10141.14,48,30.8,3,northeast,male,no
10923.93,54,32.7,0,northeast,female,no
20177.67,28,27.5,2,southwest,female,no
9724.53,52,30.2,1,southwest,male,no
24520.26,50,27.6,1,southwest,female,yes
3732.63,28,17.3,0,northeast,female,no
3021.81,25,34.5,0,northwest,female,no
8520.03,45,30.9,2,southwest,female,no
7418.52,39,34.1,3,southwest,female,no
10795.94,23,33.4,0,southwest,female,no
2527.82,22,20.2,0,northwest,female,no
23568.27,48,28.0,1,southwest,male,yes
14394.56,64,26.4,0,northeast,male,no
5031.27,31,27.6,2,northeast,male,no
38746.36,31,34.4,3,northwest,male,yes
17179.52,40,19.8,1,southeast,male,yes
13143.34,61,33.5,0,northeast,male,no
12741.17,60,37.0,0,northeast,male,no
5979.73,42,34.1,0,southwest,male,no
34828.65,19,34.9,0,southwest,male,yes
6555.07,38,27.3,1,northeast,female,no
10269.46,49,32.3,3,northwest,male,no
19214.71,37,36.2,0,southeast,male,no
7419.48,44,26.4,0,northwest,female,no
11743.3,59,26.4,0,southeast,male,no
18767.74,43,20.1,2,southeast,male,yes
11842.62,57,31.8,0,northwest,female,no
38245.59,42,26.1,1,southeast,male,yes
2166.73,22,36.0,0,southwest,female,no
3594.17,25,22.5,1,northwest,female,no
3537.7,24,28.5,2,northwest,male,no
7650.77,42,41.3,1,northeast,female,no
7371.77,41,37.1,2,southwest,female,no
14988.43,64,25.6,2,southwest,male,no
5920.1,40,36.2,0,southeast,female,no
1137.47,18,34.4,0,southeast,male,no
21259.38,42,24.6,2,northeast,male,yes
14133.04,18,38.3,0,southeast,female,no
5253.52,32,30.8,3,southwest,male,no
5209.58,29,22.5,3,northeast,male,no
5138.26,29,38.8,3,southeast,female,no
2775.19,23,17.4,1,northwest,male,no
13887.2,63,36.3,0,southeast,female,no
14692.67,64,33.0,0,northwest,female,no
12094.48,54,23.0,3,southwest,female,no
11326.71,33,42.5,1,southeast,male,no
10065.41,53,21.4,1,southwest,male,no
4795.66,33,39.8,1,southeast,female,no
19719.69,32,28.9,1,southeast,male,yes
8232.64,46,27.7,1,southeast,female,no
6289.75,41,34.2,1,southeast,male,no
9249.5,48,28.9,1,northwest,female,no
1842.52,19,28.4,1,southwest,male,no
2727.4,25,30.6,0,northeast,male,no
18765.88,30,23.7,3,northwest,female,yes
21659.93,39,24.9,3,northeast,female,yes
6496.89,40,27.4,1,southwest,female,no
1615.77,18,26.7,0,southeast,female,no
7789.64,48,29.7,0,southeast,male,no
6282.24,41,28.8,1,southwest,male,no
19539.24,37,26.4,0,southeast,female,yes
3366.67,29,35.5,0,southeast,female,no
48824.45,63,37.7,0,southwest,female,yes
1628.47,19,22.6,0,northwest,male,no
9991.04,52,18.3,0,northwest,female,no
4544.23,32,20.5,0,northeast,female,no
8891.14,44,21.9,3,northeast,male,no
7935.29,45,38.3,0,northeast,female,no
9391.35,51,39.7,1,southwest,male,no
12485.8,55,40.8,3,southeast,female,no
7985.82,39,22.8,3,northeast,female,no
2457.5,24,22.6,0,southwest,female,no
24535.7,47,27.6,2,northwest,female,yes
3866.86,32,28.9,0,northwest,male,no
12129.61,59,28.8,0,northwest,male,no
7256.72,41,30.6,2,northwest,male,no
25309.49,47,29.8,3,southwest,male,yes
2217.6,18,40.3,0,northeast,female,no
6185.32,41,31.0,0,southeast,female,no
20878.78,47,33.3,0,northeast,female,no
1748.77,19,32.9,0,southwest,female,no
23082.96,19,33.1,0,southwest,male,no
6196.45,34,38.0,3,southwest,female,no
6600.36,40,29.9,2,southwest,male,no
6356.27,39,45.4,2,southeast,male,no
13887.97,63,36.9,0,southeast,female,no
1241.57,19,19.8,0,southwest,male,no
10338.93,54,31.2,0,southeast,female,no
36910.61,59,34.8,2,southwest,female,no
13041.92,61,28.2,0,southwest,female,no
4949.76,31,36.6,2,southeast,female,no
37270.15,37,30.8,0,northeast,female,yes
13470.8,62,39.2,0,southeast,female,no
47305.31,63,32.2,2,southwest,female,yes
21472.48,32,28.1,4,northwest,male,yes
20296.86,37,25.6,1,northeast,female,yes
39556.49,44,31.4,1,northeast,male,yes
7160.33,42,36.0,2,southeast,male,no
10072.06,53,30.5,0,northeast,male,no
4529.48,29,24.6,2,southwest,female,no
1744.47,19,29.8,0,southwest,female,no
3353.47,27,21.5,0,northwest,female,no
2352.97,24,23.7,0,northwest,male,no
5003.85,34,27.5,1,southwest,female,no
5438.75,40,41.7,0,southeast,male,no
10713.64,55,37.1,0,southwest,female,no
7151.09,38,28.0,3,southwest,female,no
14319.03,64,39.7,0,southwest,female,no
12622.18,59,31.4,0,northwest,female,no
12231.61,58,33.4,0,northwest,female,no
29330.98,64,26.9,0,northwest,female,yes
2730.11,19,39.6,1,northwest,female,no
46661.44,53,36.9,3,northwest,female,yes
10806.84,52,33.3,2,southwest,female,no
27375.9,34,22.4,2,northeast,male,no
8428.07,47,19.6,1,northwest,male,no
2134.9,19,35.2,0,northwest,female,no
4719.74,28,23.8,2,northwest,female,no
23244.79,53,22.9,1,southeast,female,yes
9563.03,48,34.3,3,southwest,male,no
16455.71,64,30.1,3,northwest,female,no
8347.16,46,38.2,2,southeast,male,no
45702.02,48,40.6,2,northwest,male,yes
3484.33,26,23.7,2,southwest,male,no
33307.55,19,30.0,0,northwest,female,yes
11931.13,58,25.2,0,northeast,male,no
11763,56,32.1,1,northeast,male,no
6948.7,44,39.5,0,northwest,male,no
3062.51,28,30.9,0,northwest,male,no
3161.45,28,25.8,0,southwest,female,no
7144.86,38,27.8,2,northeast,female,no
18648.42,24,29.8,0,northeast,male,yes
6112.35,37,34.1,1,northwest,female,no
5327.4,31,32.8,2,northwest,female,no
26926.51,64,23.8,0,southeast,male,yes
5709.16,41,40.3,0,southeast,male,no
14254.61,63,25.1,0,northwest,female,no
10791.96,55,21.5,1,southwest,male,no
42856.84,50,34.2,2,southwest,male,yes
1964.78,20,22.0,1,southwest,male,no
14283.46,18,21.7,0,northeast,female,yes
7512.27,39,29.6,4,southwest,male,no
28287.9,59,36.5,1,southeast,female,no
1984.45,20,40.5,0,northeast,male,no
10115.01,47,33.9,3,northwest,female,no
1832.09,19,20.9,1,southwest,male,no
4500.34,34,21.4,0,northeast,male,no
9304.7,49,37.5,2,southeast,male,no
62592.87,45,30.4,0,southeast,male,yes
1708,18,25.5,0,northeast,male,no
11013.71,54,21.0,2,southeast,male,no
25081.77,24,23.2,0,southeast,female,no
9386.16,51,36.0,1,southeast,male,no
3279.87,21,25.7,2,northeast,male,no
42211.14,47,36.1,1,southeast,male,yes
18328.24,23,28.5,1,southeast,female,yes
5693.43,30,20.0,3,northwest,female,no
14455.64,26,17.2,2,northeast,female,yes
6710.19,39,24.5,2,northwest,male,no
14043.48,62,31.7,0,northeast,female,no
1877.93,20,31.5,0,southeast,female,no
7954.52,41,32.6,3,southwest,female,no
9182.17,49,21.3,1,southwest,female,no
12105.32,54,30.8,3,southwest,female,no
37133.9,27,36.1,0,southeast,female,yes
7265.7,41,37.1,2,northwest,male,no
11187.66,52,31.7,2,northwest,female,no
1622.19,18,31.4,0,southeast,female,no
20745.99,30,28.7,3,northwest,male,yes
5976.83,38,30.7,1,southeast,female,no
4687.8,19,28.6,5,southwest,female,no
20009.63,34,27.8,1,northwest,male,yes
15170.07,63,39.8,3,southwest,male,no
1135.94,18,33.3,0,southeast,male,no
7682.67,40,33.0,3,southeast,female,no
19964.75,42,23.4,0,northeast,female,yes
3925.76,22,34.6,2,northeast,female,no
19496.72,35,39.7,4,northeast,male,no
6117.49,39,21.9,1,northwest,male,no
3393.36,18,38.7,2,northeast,female,no
34617.84,18,33.5,0,northeast,male,yes
13393.76,63,33.1,0,southwest,male,no
4350.51,31,29.3,1,southeast,female,no
25333.33,50,32.1,2,northeast,male,no
12797.21,44,36.5,0,northeast,female,no
18223.45,18,27.3,3,southeast,female,yes
4766.02,33,18.5,1,southwest,female,no
9877.61,51,37.7,1,southeast,female,no
11272.33,18,28.3,1,northeast,male,no
11253.42,53,28.6,3,southwest,male,no
21880.82,43,24.7,2,northwest,female,yes
6123.57,39,26.2,1,northwest,male,no
5400.98,38,40.2,0,southeast,female,no
36580.28,61,33.3,4,southeast,female,no
10107.22,50,23.5,2,southeast,female,no
10736.87,48,35.6,4,northeast,male,no
1694.8,18,16.0,0,northeast,male,no
4686.39,32,46.5,2,southeast,male,no
4185.1,33,24.3,0,southeast,female,no
9504.31,53,41.5,0,southeast,male,no
2699.57,26,31.1,0,northwest,male,no
58571.07,31,38.1,1,northeast,female,yes
13047.33,55,25.4,3,northeast,female,no
11879.1,55,32.4,1,northeast,female,no
2585.27,21,17.4,1,southwest,female,no
9880.07,51,39.5,1,southwest,female,no
16884.92,19,27.9,0,southwest,female,yes
8444.47,50,26.6,0,southwest,male,no
10407.09,47,28.2,4,northeast,male,no
4667.61,32,37.3,1,northeast,male,no
36021.01,23,32.8,2,southeast,female,yes
7537.16,38,30.2,3,northwest,female,no
5125.22,35,24.1,1,northwest,male,no
8988.16,49,29.9,0,northwest,female,no
15518.18,18,25.2,0,northeast,male,yes
2026.97,21,39.5,0,southeast,female,no
3757.84,31,26.6,0,southeast,female,no
8027.97,45,28.7,2,southwest,male,no
5729.01,35,34.8,2,northwest,male,no
3597.6,23,37.1,3,southwest,male,no
43578.94,57,31.2,0,northwest,female,yes
17942.11,21,25.7,4,southwest,male,yes
5594.85,34,33.3,1,northeast,female,no
4399.73,36,29.7,0,southeast,male,no
4738.27,31,32.7,1,northwest,female,no
5415.66,40,25.1,0,southeast,male,no
8835.26,50,32.2,0,northwest,male,no
9872.7,51,34.2,1,southwest,female,no
1607.51,18,20.8,0,southeast,female,no
11552.9,49,31.9,5,southwest,female,no
26467.1,52,36.8,2,northwest,male,no
16657.72,29,21.8,1,northeast,female,yes
1242.26,19,20.3,0,southwest,male,no
44641.2,51,35.0,2,northeast,female,yes
2261.57,20,31.9,0,northwest,female,no
7261.74,41,34.2,2,northwest,male,no
22462.04,39,29.9,1,northeast,male,yes
39611.76,27,42.1,0,southeast,male,yes
1526.31,21,31.1,0,southwest,male,no
6338.08,39,32.3,2,southeast,male,no
48173.36,60,39.9,0,southwest,male,yes
6059.17,33,29.4,4,southwest,male,no
6079.67,38,37.1,1,northeast,male,no
3500.61,23,39.3,2,southeast,female,no
25382.3,54,25.1,3,southwest,male,yes
3556.92,28,34.8,0,northwest,female,no
11945.13,57,33.6,1,northwest,male,no
36898.73,19,32.5,0,northwest,female,yes
33907.55,22,30.4,0,northwest,female,yes
8410.05,43,30.1,3,northwest,male,no
2494.02,27,30.5,0,southwest,male,no
4260.74,27,30.3,3,southwest,male,no
2007.95,21,25.8,0,southwest,female,no
9288.03,49,29.8,1,northeast,male,no
20277.81,29,29.6,1,northeast,male,no
6082.41,38,34.7,2,southwest,male,no
7441.5,43,32.6,2,southwest,male,no
47496.49,58,37.0,2,northwest,male,yes
11396.9,52,38.4,2,northeast,female,no
3392.98,26,29.9,1,southeast,female,no
7222.79,45,21.4,0,northwest,male,no
21677.28,46,23.7,1,northwest,female,yes
11674.13,56,35.8,1,southwest,female,no
13844.51,19,21.7,0,southwest,female,yes
42560.43,43,38.1,2,southeast,male,yes
11881.36,55,29.7,2,southwest,female,no
1815.88,23,26.5,0,southeast,male,no
4992.38,34,23.6,0,northeast,female,no
4441.21,31,26.9,1,northeast,male,no
5028.15,37,29.6,0,northwest,male,no
8068.19,47,36.2,1,southwest,male,no
6311.95,37,29.5,2,southwest,female,no
20773.63,36,28.0,1,northeast,male,yes
8703.46,49,28.7,1,southwest,male,no
40182.25,37,34.1,4,southwest,male,yes
19199.94,31,25.9,3,southwest,male,yes
2198.19,18,26.3,0,northeast,female,no
1625.43,19,20.4,0,northwest,male,no
16450.89,19,26.0,1,northwest,male,yes
40932.43,30,39.1,3,southeast,female,yes
1727.54,18,35.2,1,southeast,male,no
10965.45,57,28.1,0,southwest,male,no
2416.96,23,35.2,1,southwest,male,no
7986.48,39,23.3,3,northeast,female,no
2200.83,18,28.2,0,northeast,female,no
5649.72,39,32.8,0,southwest,female,no
8547.69,47,29.4,1,southeast,female,no
21195.82,53,20.9,0,southeast,male,yes
11090.72,56,39.8,0,southeast,female,no
35595.59,22,31.0,3,southeast,female,yes
4827.9,27,18.9,3,northeast,male,no
3877.3,26,30.9,2,northwest,male,no
11455.28,57,28.7,0,southwest,female,no
1635.73,19,27.8,0,northwest,male,no
5966.89,42,24.9,0,southeast,male,no
1146.8,18,41.1,0,southeast,male,no
42112.24,25,45.5,2,southeast,male,yes
9290.14,49,31.4,1,northeast,male,no
11830.61,57,23.2,0,northwest,female,no
12124.99,59,25.5,0,northwest,male,no
33475.82,20,30.7,0,northeast,male,yes
13831.12,64,40.5,0,southeast,male,no
5934.38,35,34.3,3,southeast,male,no
6796.86,37,30.9,3,northwest,male,no
1705.62,18,23.8,0,northeast,male,no
44501.4,22,52.6,1,southeast,male,yes
4149.74,30,32.4,1,southwest,female,no
4527.18,30,28.4,1,northwest,female,no
16115.3,29,21.9,0,northeast,female,yes
11356.66,57,34.0,0,northwest,male,no
2850.68,24,29.9,0,northwest,female,no
2643.27,22,31.4,1,northwest,male,no
10493.95,50,26.2,2,northwest,female,no
46151.12,46,42.4,3,southeast,male,yes
2899.49,23,34.9,0,northeast,female,no
9620.33,47,29.8,3,northwest,male,no
5469.01,36,27.7,0,northeast,female,no
35069.37,45,22.9,0,northeast,male,yes
12347.17,59,37.1,1,southwest,male,no
12950.07,61,38.4,0,northwest,male,no
23807.24,49,25.8,2,northwest,male,yes
36149.48,18,36.9,0,southeast,female,yes
12979.36,62,37.4,0,southwest,male,no
9283.56,51,34.1,0,southeast,female,no
5836.52,35,35.9,2,southeast,female,no
18157.88,29,29.7,2,northwest,male,no
2154.36,22,27.1,0,southwest,female,no
10156.78,49,23.2,2,northwest,female,no
26018.95,21,32.7,2,northwest,female,no
37607.53,32,33.6,1,northeast,male,yes
19040.88,33,27.1,1,southwest,male,yes
2867.12,29,27.9,0,southeast,male,no
9101.8,45,25.7,3,southwest,female,no
14235.07,61,39.1,2,southwest,female,no
6548.2,36,28.6,3,northwest,male,no
36307.8,18,38.2,0,southeast,male,yes
6748.59,36,28.9,3,northeast,male,no
8782.47,51,25.4,0,southwest,male,no
3167.46,21,16.8,1,northeast,female,no
47928.03,64,33.8,1,southwest,female,yes
4462.72,32,33.8,1,northwest,male,no
10564.88,53,33.3,0,northeast,female,no
38711,31,36.3,2,southwest,male,yes
4661.29,26,27.3,3,northeast,male,no
7209.49,39,31.9,2,northwest,female,no
7077.19,40,25.5,1,northeast,female,no
8765.25,48,32.3,1,northwest,male,no
10096.97,46,25.8,5,southwest,male,no
2904.09,26,30.0,1,southwest,male,no
12044.34,56,26.6,1,northwest,female,no
7633.72,44,32.3,1,southeast,female,no
1391.53,20,33.3,0,southeast,male,no
1909.53,21,31.3,0,northwest,male,no
11363.28,58,36.1,0,southeast,male,no
2710.83,19,25.7,1,northwest,female,no
21232.18,48,29.6,0,southwest,male,no
5425.02,31,31.1,3,northwest,male,no
8978.19,48,37.3,2,southeast,male,no
27037.91,64,23.0,0,southeast,female,yes
2438.06,23,50.4,1,southeast,male,no
12323.94,59,24.7,0,northeast,male,no
11840.78,57,30.5,0,northwest,female,no
10600.55,50,31.0,3,northwest,male,no
1731.68,19,20.6,0,southwest,female,no
8277.52,48,28.9,0,southwest,female,no
15817.99,25,24.1,0,northwest,male,yes
2104.11,21,27.4,0,northeast,male,no
3578,27,34.8,1,southwest,female,no
13430.27,56,32.3,3,northeast,female,no
14349.85,63,21.7,1,northwest,male,no
44260.75,54,34.2,2,southeast,male,yes
5002.78,34,26.7,1,southeast,female,no
10796.35,55,29.0,0,northeast,male,no
3208.79,25,20.8,1,southwest,female,no
17904.53,33,24.8,0,northeast,male,yes
3070.81,27,26.0,0,northeast,male,no
5855.9,38,20.0,1,northwest,male,no
11150.78,53,26.7,2,southwest,female,no
9869.81,53,28.9,0,northwest,male,no
8219.2,44,29.8,2,southeast,female,no
2483.74,27,23.1,0,southeast,male,no
2585.85,21,22.1,0,northeast,female,no
4719.52,30,22.9,1,northeast,female,no
3987.93,26,34.2,2,southwest,female,no
7196.87,40,35.3,3,southwest,male,no
12224.35,58,28.2,0,northwest,female,no
13555,62,32.1,0,northeast,male,no
38709.18,36,35.2,1,southeast,male,yes
5615.37,28,24.3,5,southwest,male,no
14571.89,24,20.5,0,northeast,female,yes
36085.22,26,32.9,2,southwest,male,yes
29186.48,53,32.3,2,northeast,female,no
2362.23,20,32.4,1,northwest,male,no
9058.73,50,44.8,1,southeast,male,no
24873.38,53,22.6,3,northeast,female,yes
9447.38,48,27.4,1,northeast,female,no
4718.2,30,21.9,1,northeast,female,no
9722.77,52,33.3,0,northeast,male,no
5699.84,41,33.6,0,southeast,male,no
12222.9,58,27.2,0,northwest,female,no
2205.98,18,31.9,0,northeast,female,no
13352.1,62,30.0,0,northwest,male,no
14256.19,63,26.2,0,northwest,female,no
8733.23,46,40.4,2,northwest,male,no
6360.99,33,42.9,3,northwest,female,no
17878.9,25,41.3,0,northeast,female,no
10197.77,52,23.2,0,northeast,female,no
44400.41,51,38.1,0,southeast,female,yes
5267.82,36,26.9,0,northwest,female,no
12333.83,59,27.5,1,southwest,male,no
14007.22,59,32.1,3,southwest,female,no
4779.6,33,28.3,1,southeast,female,no
25678.78,59,23.7,0,northwest,female,yes
23241.47,25,25.0,2,northeast,male,no
39597.41,41,30.8,3,northeast,male,yes
8823.99,46,33.7,1,northeast,female,no
27346.04,53,31.4,0,southeast,male,no
1972.95,24,25.8,0,southwest,male,no
1163.46,18,53.1,0,southeast,male,no
11658.12,56,28.6,0,northeast,female,no
9500.57,46,24.8,3,northeast,male,no
3645.09,30,25.5,0,northeast,male,no
1824.29,23,32.6,0,southeast,male,no
14410.93,64,38.2,0,northeast,male,no
1136.4,18,33.7,0,southeast,male,no
3056.39,20,31.8,2,southeast,female,no
12646.21,57,38.0,2,southwest,female,no
6128.8,32,33.2,3,northwest,female,no
7749.16,41,33.1,2,northwest,female,no
3558.62,27,25.2,0,northeast,female,no
38415.47,36,33.4,2,southwest,male,yes
3857.76,31,30.9,0,northeast,male,no
12913.99,59,25.5,1,northeast,male,no
5246.05,35,34.8,1,southwest,female,no
48673.56,60,40.9,0,southeast,male,yes
15161.53,63,33.7,3,southeast,male,no
26109.33,56,26.7,1,northwest,male,yes
8551.35,47,32.0,1,southwest,female,no
3561.89,27,23.2,1,southeast,female,no
9487.64,53,29.5,0,southeast,male,no
8823.28,46,28.9,2,southwest,female,no
9964.06,51,32.3,1,northeast,male,no
7804.16,48,40.2,0,southeast,male,no
1632.56,19,25.6,0,northwest,male,no
1242.82,19,20.7,0,southwest,male,no
22218.11,51,23.2,1,southeast,male,yes
8601.33,49,27.2,0,southeast,female,no
1121.87,18,23.2,0,southeast,male,no
9411.01,46,32.3,2,northeast,female,no
4894.75,34,25.3,1,northwest,male,no
6666.24,33,42.4,5,southwest,male,no
8334.46,46,33.3,1,northeast,male,no
1627.28,19,21.8,0,northwest,male,no
23288.93,28,24.3,1,northeast,female,no
8556.91,47,36.0,1,southwest,female,no
6986.7,40,32.3,2,northwest,male,no
26140.36,49,27.1,1,southwest,female,no
13747.87,18,21.6,0,northeast,male,yes
34166.27,23,31.4,0,southwest,female,yes
9447.25,48,27.3,1,northeast,female,no
17085.27,20,26.8,1,southeast,female,yes
12265.51,56,37.5,2,southeast,female,no
4747.05,35,27.6,1,southeast,male,no
5630.46,35,35.8,1,northwest,female,no
5757.41,39,42.7,0,northeast,male,no
8582.3,39,23.9,5,southeast,female,no
7345.73,43,35.6,1,southeast,female,no
2055.32,22,32.1,0,northwest,male,no
20149.32,39,26.4,0,northeast,male,yes
1728.9,19,18.6,0,southwest,female,no
3756.62,31,25.7,0,southeast,female,no
10381.48,49,36.6,3,southeast,female,no
1515.34,21,23.2,0,southeast,male,no
16420.49,27,20.0,3,northwest,female,yes
8342.91,46,39.4,1,northeast,male,no
3044.21,24,25.3,0,northeast,female,no
6875.96,41,32.2,2,southwest,male,no
23045.57,52,30.9,0,northeast,female,no
30284.64,50,25.4,2,northwest,male,no
1980.07,20,33.0,1,southwest,male,no
3972.92,32,28.9,0,southeast,female,no
11884.05,18,21.8,2,southeast,male,no
7162.01,42,37.2,2,southeast,male,no
17626.24,32,23.7,1,southeast,female,no
35147.53,24,28.5,0,northeast,male,yes
55135.4,33,35.5,0,northwest,female,yes
23065.42,47,27.8,0,southeast,female,yes
7626.99,44,27.5,1,southwest,female,no
8671.19,48,36.6,0,northwest,female,no
4058.12,29,37.3,2,southeast,male,no
3353.28,29,25.9,0,southwest,female,no
11881.97,55,30.1,2,southeast,female,no
18033.97,23,28.3,0,northwest,female,yes
6113.23,31,30.5,3,northeast,female,no
8280.62,48,31.1,0,southeast,female,no
8283.68,48,33.3,0,southeast,female,no
8413.46,45,30.5,2,northwest,male,no
36397.58,19,34.7,2,southwest,female,yes
11244.38,53,26.4,2,northeast,male,no
1149.4,18,43.0,0,southeast,male,no
49577.66,64,37.0,2,southeast,male,yes
24915.05,35,38.1,2,northeast,female,no
11538.42,54,46.7,2,southwest,female,no
32734.19,32,17.8,2,northwest,female,yes
1917.32,21,36.9,0,northwest,male,no
41661.6,46,34.6,1,southwest,female,yes
5227.99,35,26.1,0,northeast,female,no
1621.34,19,17.5,0,northwest,male,no
37165.16,22,37.6,1,southeast,male,yes
3693.43,27,45.9,2,southwest,male,no
47403.88,61,36.3,1,southwest,male,yes
45710.21,62,32.0,0,northeast,male,yes
6067.13,38,28.0,1,northeast,male,no
2597.78,21,26.4,1,southwest,female,no
42111.66,46,35.5,0,northeast,female,yes
12029.29,57,22.2,0,northeast,female,no
8527.53,45,36.3,2,southeast,female,no
3847.67,28,23.8,2,southwest,male,no
24106.91,49,23.8,3,northeast,female,yes
13451.12,62,25.0,0,southwest,female,no
3875.73,31,39.5,1,southeast,male,no
34779.62,19,34.8,0,southwest,male,yes
1256.3,19,30.4,0,southwest,male,no
10560.49,51,33.3,3,southeast,male,no
39871.7,37,37.1,1,southeast,male,yes
8515.76,45,27.8,2,southeast,female,no
39727.61,49,30.9,0,southwest,male,yes
63770.43,54,47.4,0,southeast,female,yes
10422.92,54,24.0,0,northeast,male,no
6753.04,34,19.0,3,northeast,female,no
11842.44,58,29.0,0,southwest,female,no
10118.42,50,31.6,2,southwest,female,no
7742.11,46,26.6,1,southeast,male,no
44585.46,29,35.5,2,southwest,male,yes
8116.27,44,32.0,2,northwest,male,no
1704.57,18,23.0,0,northeast,male,no
8798.59,51,37.0,0,southwest,male,no
19933.46,25,29.7,3,southwest,male,yes
8871.15,48,32.2,1,southeast,female,no
42124.52,43,36.0,3,southeast,male,yes
33471.97,52,37.5,2,northwest,female,no
6406.41,37,29.8,2,northeast,male,no
1621.88,18,31.1,0,southeast,female,no
2102.26,21,26.0,0,northeast,male,no
3935.18,34,34.2,0,southeast,male,no
48675.52,57,42.1,1,southeast,male,yes
40974.16,48,33.1,0,southeast,female,yes
8604.48,45,24.0,2,northeast,male,no
5428.73,30,37.4,3,northeast,male,no
13390.56,63,30.8,0,southwest,male,no
9301.89,46,25.7,3,northwest,male,no
2459.72,20,30.6,0,northeast,female,no
19521.97,30,28.4,1,southeast,female,yes
7337.75,43,29.9,1,southwest,female,no
8605.36,45,20.4,3,southeast,male,no
12233.83,59,27.5,0,southwest,female,no
12629.9,60,24.5,0,southeast,female,no
24180.93,48,25.9,3,southeast,female,yes
7448.4,45,39.8,0,northeast,male,no
11070.54,56,25.3,0,southwest,female,no
1631.82,18,38.3,0,southeast,female,no
14001.13,59,27.7,3,southeast,female,no
8516.83,45,28.6,2,southeast,female,no
4751.07,35,30.5,1,southwest,male,no
5152.13,32,29.8,2,southwest,female,no
39725.52,45,30.5,1,northwest,female,yes
2137.65,25,25.7,0,southeast,male,no
7623.52,44,25.0,1,southwest,female,no
11944.59,58,34.9,0,northeast,male,no
10085.85,53,36.1,1,southwest,male,no
39774.28,35,36.7,1,northeast,male,yes
9957.72,51,27.7,1,northeast,male,no
1253.94,19,28.7,0,southwest,male,no
2866.09,29,27.2,0,southwest,male,no
20709.02,57,40.3,0,northeast,male,no
21774.32,43,26.9,0,northwest,female,yes
13770.1,63,28.3,0,northwest,male,no
11848.14,58,33.1,0,southwest,female,no
8252.28,40,23.4,3,northeast,female,no
6389.38,40,26.3,1,northwest,male,no
6571.54,38,34.8,2,southwest,female,no
17663.14,28,24.0,3,southeast,male,yes
3861.21,21,20.2,3,northeast,male,no
5974.38,38,28.9,1,southeast,female,no
34806.47,27,31.1,1,southeast,male,yes
8116.68,49,30.3,0,southwest,male,no
48970.25,59,41.1,1,southeast,male,yes
6414.18,35,27.7,3,southwest,female,no
8059.68,40,28.7,3,northwest,female,no
12731,60,29.6,0,northeast,male,no
9748.91,52,47.7,1,southeast,male,no
8302.54,44,22.1,2,northeast,male,no
9549.57,50,46.1,1,southeast,female,no
28101.33,62,26.7,0,northeast,male,yes
34838.87,27,31.4,0,southwest,female,yes
5148.55,32,31.5,1,northeast,female,no
4889.04,36,29.9,0,southeast,female,no
10601.41,56,39.6,0,southwest,male,no
36950.26,30,35.5,0,southeast,male,yes
14901.52,64,39.3,0,northeast,female,no
4357.04,32,29.7,0,northwest,female,no
2155.68,22,28.1,0,southeast,female,no
6551.75,33,36.3,3,northeast,female,no
19362,35,24.4,3,southeast,male,yes
14119.62,61,32.3,2,northwest,male,no
16069.08,64,31.8,2,northeast,female,no
38126.25,24,40.2,0,southeast,male,yes
41999.52,54,30.8,1,southeast,male,yes
3579.83,21,33.6,2,northwest,female,no
12648.7,60,38.1,0,southeast,female,no
34254.05,24,31.1,0,northeast,male,yes
7323.73,18,29.2,0,northeast,female,no
15828.82,40,29.3,4,southwest,female,no
2020.55,21,34.9,0,southeast,female,no
41949.24,38,38.4,3,southeast,male,yes
10435.07,54,32.8,0,northeast,male,no
40720.55,46,30.5,3,northwest,male,yes
4504.66,25,33.7,4,southeast,male,no
4536.26,34,42.9,1,southwest,male,no
1629.83,18,36.9,0,southeast,female,no
14451.84,63,23.1,0,northeast,female,no
35160.13,55,26.8,1,southwest,female,no
11394.07,55,35.2,1,northeast,male,no
9377.9,51,30.0,1,southeast,male,no
7731.43,44,30.7,2,southeast,male,no
2842.76,24,24.2,0,northwest,female,no
20781.49,55,33.0,0,southeast,male,no
2974.13,27,24.1,0,southwest,female,no
3292.53,26,33.9,1,northwest,male,no
9630.4,50,32.3,2,southwest,male,no
2103.08,21,22.3,1,southwest,male,no
28950.47,63,27.0,0,northwest,female,yes
10436.1,54,29.2,1,southwest,male,no
9617.66,50,27.5,1,northeast,male,no
10043.25,48,32.3,2,northeast,female,no
5257.51,33,24.6,2,northwest,male,no
7345.08,45,33.1,0,southwest,female,no
9361.33,51,22.4,0,northeast,male,no
47896.79,59,36.8,1,northeast,female,yes
12032.33,57,20.1,1,southwest,female,no
12430.95,58,33.0,0,northeast,female,no
12479.71,54,24.6,3,northwest,female,no
19798.05,43,20.0,2,northeast,female,yes
4438.26,28,29.3,2,northeast,male,no
14478.33,43,25.5,5,southeast,male,no
7441.05,45,30.2,1,southwest,male,no
8211.1,44,24.0,2,southeast,female,no
4296.27,22,21.3,3,northwest,female,no
6775.96,41,32.2,1,southwest,female,no
12574.05,61,43.4,0,southwest,male,no
7640.31,42,29.5,2,southeast,female,no
11085.59,50,28.1,3,northwest,female,no
4058.71,27,33.2,2,northwest,male,no
3659.35,30,31.4,1,southwest,male,no
7443.64,42,36.2,1,northwest,female,no
39722.75,19,44.9,0,southeast,male,yes
8968.33,48,30.2,2,southwest,male,no
8269.04,48,22.8,0,southwest,female,no
1826.84,23,34.4,0,southwest,male,no
11454.02,56,25.7,0,northwest,female,no
12982.87,62,39.9,0,southeast,male,no
4915.06,20,30.1,5,northeast,male,no
9850.43,54,31.6,0,southwest,male,no
7729.65,42,26.1,2,northeast,male,no
1986.93,24,35.9,0,southeast,male,no
12523.6,60,24.3,0,northwest,male,no
39983.43,35,34.1,3,northwest,female,yes
11576.13,57,43.7,1,southwest,male,no
6640.54,38,16.8,2,northeast,male,no
11554.22,57,27.9,1,southeast,male,no
8827.21,50,26.4,0,northwest,male,no
2219.45,18,37.3,1,southeast,female,no
2709.11,19,24.5,1,northwest,female,no
2130.68,19,32.1,0,northwest,female,no
40003.33,40,32.8,2,northwest,female,yes
3238.44,25,42.1,1,southeast,female,no
1532.47,21,35.5,0,southeast,male,no
24603.05,46,27.6,0,southwest,male,no
4337.74,28,28.9,1,northeast,female,no
13822.8,64,34.5,0,southwest,male,no
16776.3,33,19.1,2,northeast,female,yes
16232.85,20,27.3,0,southwest,male,yes
13974.46,63,31.4,0,northeast,male,no
3176.29,26,22.2,0,northwest,female,no
4449.46,28,33.0,3,southeast,male,no
8965.8,39,24.2,5,northwest,female,no
10702.64,50,28.2,3,southeast,female,no
3956.07,27,31.3,1,northwest,female,no
19350.37,31,29.8,0,southeast,male,yes
26125.67,20,24.4,0,southeast,female,yes
41919.1,50,32.3,1,northeast,male,yes
38511.63,23,36.7,2,northeast,female,yes
43254.42,53,34.1,0,northeast,male,yes
43753.34,36,41.9,3,northeast,male,yes
7526.71,46,19.9,0,northwest,male,no
4846.92,27,32.6,3,northeast,male,no
13725.47,41,21.8,1,northeast,female,no
8442.67,50,25.3,0,southeast,male,no
6858.48,41,23.9,1,northeast,male,no
3943.6,29,31.2,0,northeast,female,no
11362.76,58,35.7,0,southwest,male,no
3227.12,25,34.0,1,southeast,female,no
9144.57,52,36.7,0,southwest,male,no
1880.49,20,33.3,0,southwest,female,no
12638.2,60,30.5,0,southwest,female,no
6198.75,37,24.3,2,northwest,male,no
27808.73,62,26.3,0,southeast,female,yes
8944.12,46,43.9,3,southeast,male,no
8083.92,47,47.5,1,southeast,male,no
12981.35,62,38.8,0,southeast,male,no
8023.14,44,37.0,1,northwest,female,no
30184.94,59,29.8,3,northeast,male,yes
13063.88,61,44.0,0,southwest,female,no
8026.67,46,27.7,0,northwest,female,no
9541.7,50,44.7,0,northeast,female,no
5397.62,38,37.7,0,southeast,female,no
43896.38,42,40.4,2,southeast,female,yes
18246.5,27,29.2,0,southeast,male,yes
4561.19,18,31.4,4,northeast,female,no
3180.51,21,21.9,2,southeast,female,no
2498.41,27,33.7,0,southeast,male,no
3906.13,25,26.8,3,southwest,male,no
6457.84,38,29.3,2,northwest,male,no
8017.06,42,25.0,2,northwest,female,no
34439.86,19,33.1,0,southeast,female,yes
11015.17,48,27.9,4,northwest,female,no
5261.47,33,27.5,2,northwest,male,no
16796.41,27,30.6,1,northeast,female,no
5972.38,33,38.9,3,southwest,female,no
9264.8,51,20.6,0,southwest,female,no
13844.8,62,32.7,0,northwest,female,no
14313.85,64,36.0,0,southeast,female,no
4618.08,24,30.2,3,northwest,female,no
1674.63,22,33.8,0,southeast,male,no
7639.42,42,33.2,1,northeast,female,no
42983.46,44,39.0,0,northwest,female,yes
15612.19,62,33.0,3,northwest,female,no
4837.58,30,31.6,3,southeast,male,no
11286.54,55,29.8,0,northeast,female,no
1977.82,24,29.3,0,southwest,male,no
48885.14,44,38.1,0,southeast,female,yes
6746.74,36,27.6,3,northeast,male,no
4402.23,36,31.5,0,southwest,male,no
4877.98,25,26.7,4,northwest,male,no
30063.58,55,37.7,3,northwest,male,no
3260.2,31,20.4,0,southwest,male,no
21223.68,48,24.4,0,southeast,male,yes
13415.04,61,21.1,0,northwest,female,no
36837.47,30,35.3,0,southwest,male,yes
12269.69,55,33.5,2,northwest,female,no
7624.63,44,25.8,1,southwest,female,no
2719.28,19,31.8,1,northwest,female,no
15230.32,62,38.1,2,northeast,female,no
12142.58,60,25.7,0,southeast,male,no
13616.36,61,22.0,0,northeast,female,no
7050.64,42,29.0,1,southwest,female,no
2207.7,18,33.2,0,northeast,female,no
6435.62,37,46.5,3,southeast,male,no
38998.55,44,30.2,2,southwest,male,yes
5245.23,35,34.2,1,southeast,female,no
4349.46,28,33.0,2,southeast,female,no
6186.13,41,31.6,0,southwest,female,no
30942.19,61,29.9,3,southeast,female,yes
12146.97,60,28.9,0,southwest,male,no
18218.16,25,32.2,1,southeast,female,no
38282.75,33,35.8,1,southeast,male,yes
4753.64,30,43.1,2,southeast,female,no
12404.88,33,35.2,0,northeast,male,no
7348.14,45,35.3,0,southwest,female,no
10461.98,53,31.2,1,northwest,male,no
10325.21,52,38.6,2,southwest,male,no
6985.51,37,22.7,3,northeast,male,no
2138.07,19,37.4,0,northwest,female,no
1981.58,24,32.0,0,southeast,male,no
9634.54,52,37.4,0,southwest,female,no
4830.63,20,37.0,5,southwest,female,no
52590.83,60,32.8,0,southwest,male,yes
1261.86,19,34.4,0,southwest,male,no
6250.44,43,23.2,0,southwest,male,no
42760.5,45,36.5,2,northwest,male,yes
27117.99,52,24.9,0,southeast,female,no
46599.11,61,35.9,0,southeast,male,yes
6600.21,40,34.1,1,northeast,male,no
20630.28,55,37.3,0,southwest,male,no
4040.56,29,29.0,1,northeast,male,no
11566.3,57,40.9,0,northeast,male,no
28468.92,48,36.7,1,northwest,male,no
2927.06,26,46.5,1,southeast,male,no
18838.7,19,27.9,3,northwest,female,no
13129.6,61,23.7,0,northeast,male,no
6799.46,31,28.5,5,northeast,male,no
39241.44,30,37.8,2,southwest,male,yes
11729.68,53,23.8,2,northeast,female,no
11411.69,52,44.7,3,southwest,female,no
9644.25,51,18.1,0,northwest,female,no
24513.09,61,25.1,0,southeast,female,no
37829.72,43,27.8,0,southwest,male,yes
44423.8,55,35.2,0,southeast,female,yes
21082.16,39,28.3,1,southwest,male,yes
2156.75,22,28.8,0,southeast,female,no
2322.62,26,35.4,0,southeast,male,no
4890,33,35.8,2,southeast,male,no
1639.56,19,30.6,0,northwest,male,no
4571.41,33,26.7,0,northwest,female,no
13635.64,61,35.9,0,northeast,female,no
8615.3,45,27.5,3,southwest,male,no
47055.53,63,35.1,0,southeast,male,yes
1682.6,22,39.5,0,southwest,male,no
34672.15,28,31.7,0,southeast,male,yes
14418.28,64,39.2,1,southeast,male,no
1665,22,26.8,0,southeast,male,no
5662.23,39,41.8,0,southeast,female,no
41034.22,43,35.0,1,northeast,male,yes
8162.72,40,30.9,4,northwest,male,no
40103.89,39,35.3,2,southwest,male,yes
11987.17,55,33.9,3,southeast,male,no
2801.26,18,32.1,2,southeast,female,no
7050.02,42,32.9,0,northeast,female,no
3591.48,23,32.7,3,southwest,male,no
1137.01,18,34.1,0,southeast,male,no
10825.25,54,33.6,1,northwest,male,no
5708.87,29,25.6,4,southwest,female,no
4234.93,24,30.1,3,southwest,female,no
2128.43,19,30.5,0,northwest,female,no
1719.44,18,29.4,1,southeast,male,no
12363.55,56,36.1,3,southwest,male,no
3201.25,26,40.2,0,northwest,female,no
1702.46,18,21.5,0,northeast,male,no
14382.71,59,26.7,3,northwest,female,no
9910.36,50,30.1,1,northwest,female,no
2690.11,23,28.1,0,northwest,female,no
27533.91,57,29.8,0,southeast,female,yes
13224.06,57,34.3,2,northeast,female,no
1725.55,18,33.8,1,southeast,male,no
6402.29,35,23.5,2,northeast,female,no
4415.16,34,27.7,0,southeast,female,no
8964.06,48,31.4,1,northeast,male,no
4134.08,31,21.8,0,northwest,female,no
13981.85,63,36.8,0,northeast,male,no
12609.89,24,26.8,1,northwest,male,no
5373.36,36,30.9,1,northwest,male,no
1880.07,20,33.0,0,southeast,female,no
17361.77,30,23.0,2,northwest,male,yes
10982.5,57,40.4,0,southeast,male,no
6272.48,41,21.8,1,southeast,male,no
1743.21,19,28.9,0,southwest,female,no
10264.44,49,28.7,3,northwest,male,no
7358.18,41,31.6,1,northeast,female,no
2302.3,26,20.8,0,southwest,male,no
22395.74,23,24.2,2,northeast,female,no
20984.09,35,27.7,2,northeast,male,yes
2201.1,18,24.1,1,southeast,female,no
10959.69,53,37.4,1,northwest,female,no
4562.84,32,29.6,1,southeast,female,no
9174.14,51,31.6,0,northwest,male,no
9778.35,49,30.8,1,northeast,female,no
11482.63,18,33.9,0,southeast,female,no
39836.52,37,34.8,2,southwest,female,yes
27218.44,57,29.0,0,northeast,male,yes
2257.48,20,29.0,0,northwest,female,no
12268.63,55,32.8,2,northwest,female,no
12829.46,18,17.3,2,northeast,male,yes
2196.47,18,25.1,0,northeast,female,no
11520.1,51,24.4,4,northwest,male,no
2639.04,22,28.3,1,northwest,male,no
20234.85,35,28.0,0,northwest,female,yes
5926.85,35,28.9,3,southwest,male,no
8125.78,49,36.9,0,southeast,male,no
4151.03,30,33.3,1,southeast,female,no
9282.48,49,25.8,1,northeast,male,no
1633.96,18,39.8,0,southeast,female,no
2689.5,28,38.1,0,southeast,male,no
19594.81,44,20.2,1,northeast,female,yes
1720.35,18,30.0,1,southeast,male,no
19107.78,29,27.9,1,southeast,female,yes
38344.57,20,39.4,2,southwest,male,yes
40273.65,41,35.8,1,southeast,male,yes
5458.05,36,19.9,0,northeast,female,no
23967.38,51,24.8,2,northwest,male,yes
11837.16,58,25.2,0,southwest,female,no
6184.3,34,29.3,3,southeast,female,no
2396.1,23,24.5,0,northeast,male,no
6652.53,38,21.1,3,southeast,male,no
10450.55,54,39.6,1,southwest,male,no
6593.51,40,25.0,2,southeast,male,no
12244.53,59,35.2,0,southeast,female,no
32787.46,42,28.3,3,northwest,male,yes
6781.35,41,36.1,1,southeast,female,no
1759.34,19,40.5,0,southwest,female,no
43921.18,56,33.6,0,northwest,male,yes
1646.43,19,35.5,0,northwest,male,no
3443.06,22,34.8,3,southwest,male,no
8457.82,50,36.2,0,southwest,male,no
2721.32,25,26.2,0,northeast,male,no
29523.17,63,27.7,0,northeast,female,yes
7201.7,39,26.3,2,northwest,female,no
12928.79,59,31.8,2,southeast,male,no
13405.39,63,41.5,0,southeast,male,no
13880.95,63,31.8,0,southwest,female,no
5584.31,36,34.4,2,southeast,male,no
10848.13,51,36.7,2,northwest,female,no
13012.21,60,24.0,0,northwest,female,no
3171.61,28,33.1,0,southeast,female,no
34472.84,24,32.7,0,southwest,male,yes
17043.34,26,27.1,0,southeast,male,yes
1631.67,18,38.2,0,southeast,female,no
13470.86,62,39.2,0,southwest,female,no
6664.69,41,28.4,1,northwest,male,no
18963.17,30,38.8,1,southeast,male,no
43943.88,34,30.2,1,northwest,female,yes
3172.02,28,33.4,0,southwest,female,no
10577.09,56,22.1,0,southwest,male,no
11165.42,56,25.9,0,northeast,male,no
5272.18,36,30.0,0,northwest,female,no
2566.47,20,31.1,2,southeast,male,no
3268.85,28,35.4,0,northeast,male,no
2464.62,24,27.7,0,southeast,female,no
1141.45,18,37.3,0,southeast,male,no
12557.61,61,31.6,0,southeast,male,no
12475.35,54,21.5,3,northwest,female,no
11264.54,53,36.6,3,southwest,male,no
14426.07,23,23.2,2,northwest,female,no
18310.74,27,28.5,0,northwest,male,yes
10579.71,53,39.6,1,southeast,female,no
3077.1,21,23.8,2,northwest,male,no
2254.8,22,31.7,0,northeast,male,no
13204.29,60,18.3,0,northeast,female,no
3206.49,25,23.5,0,northeast,female,no
9140.95,52,34.1,0,southeast,male,no
1769.53,20,29.7,0,northwest,male,no
1261.44,19,34.1,0,southwest,male,no
9583.89,49,34.8,1,northwest,female,no
22412.65,56,20.0,0,northeast,male,yes
4340.44,28,26.5,2,southeast,female,no
6849.03,43,30.1,1,southwest,male,no
37465.34,20,35.6,3,northwest,male,yes
15820.7,38,19.3,0,southwest,male,yes
4670.64,32,35.2,2,southwest,male,no
22331.57,40,28.1,1,northeast,female,yes
3410.32,26,42.4,1,southwest,female,no
6770.19,41,28.1,1,southeast,female,no
14474.68,63,35.2,1,southeast,female,no
1837.28,23,41.9,0,southeast,male,no
7421.19,44,27.6,0,northwest,female,no
4883.87,36,26.2,0,southwest,female,no
1967.02,20,27.9,0,northeast,male,no
9800.89,49,42.7,2,southeast,female,no
2150.47,22,24.3,0,southwest,female,no
12949.16,56,33.7,4,southeast,male,no
27724.29,20,35.3,1,southeast,male,no
3736.46,29,26.0,0,northwest,female,no
10355.64,53,26.6,0,northwest,female,no
11534.87,57,18.3,0,northeast,male,no
4266.17,30,44.2,2,southeast,male,no
9095.07,45,25.2,2,northeast,female,no
12495.29,54,35.8,3,northwest,female,no
5266.37,36,25.8,0,northwest,female,no
1704.7,18,23.1,0,northeast,male,no
8334.59,46,33.4,1,northeast,male,no
19515.54,42,24.6,0,southeast,male,yes
3989.84,32,41.1,0,southwest,female,no
2803.7,19,20.6,2,northwest,male,no
7147.11,46,22.3,0,southwest,male,no
5325.65,30,30.9,3,southwest,female,no
7046.72,42,26.2,1,southeast,female,no
24869.84,52,24.3,3,northeast,male,yes
39125.33,40,32.8,1,northeast,male,yes
42303.69,55,30.7,0,northeast,male,yes
4433.39,29,31.7,2,northwest,male,no
31620,62,36.9,1,northeast,female,no
8310.84,43,30.7,2,northwest,female,no
21797,59,37.4,0,southwest,male,no
47269.85,52,41.8,2,southeast,male,yes
14210.54,64,37.9,0,northwest,male,no
9625.92,52,31.2,0,southwest,female,no
4931.65,31,23.6,2,southwest,female,no
39047.29,37,34.2,1,northeast,male,yes
2117.34,19,22.5,0,northwest,female,no
10601.63,55,32.8,0,northwest,male,no
3471.41,29,38.9,1,southeast,male,no
11741.73,53,28.1,3,southwest,female,no
2789.06,23,27.4,1,northwest,male,no
1712.23,18,28.5,0,northeast,male,no
